{"lr_all": 0.006426446347075766, "n_epochs": 134, "n_factors": 67, "reg_all": 0.09604046183116753}