{"lr_all": 0.007116531604882809, "n_epochs": 98, "n_factors": 58, "reg_all": 0.06247746602583892}